nameWithOwner,stars,language,createdAt,branchNameaterial-ui
freeCodeCamp/freeCodeCamp,365706,TypeScript,2014-12-24T17:49:19Z,main
EbookFoundation/free-programming-books,278488,Unknown,2013-10-11T06:50:37Z,main
jwasham/coding-interview-university,256985,Unknown,2016-06-06T02:34:12Z,main
sindresorhus/awesome,252894,Unknown,2014-07-11T13:42:37Z,main
kamranahmedse/developer-roadmap,238965,Astro,2017-03-15T13:45:52Z,master
facebook/react,207122,JavaScript,2013-05-24T16:15:54Z,main
twbs/bootstrap,163377,JavaScript,2011-07-29T21:19:00Z,main
flutter/flutter,153080,Dart,2015-03-06T22:54:58Z,main
Snailclimb/JavaGuide,133462,Java,2018-05-07T13:27:00Z,main
Significant-Gravitas/Auto-GPT,127977,Python,2023-03-16T09:21:07Z,master
ytdl-org/youtube-dl,120149,Python,2010-10-31T14:35:07Z,master
vercel/next.js,105811,JavaScript,2016-10-05T23:32:51Z,main
d3/d3,105257,JavaScript,2010-09-27T17:22:42Z,main
avelino/awesome-go,101154,Go,2014-07-06T13:42:15Z,main
axios/axios,100089,JavaScript,2014-08-18T22:30:27Z,main
facebook/create-react-app,99692,JavaScript,2016-07-17T14:55:11Z,main
yangshun/tech-interview-handbook,90360,TypeScript,2016-07-05T05:00:48Z,main
denoland/deno,89300,Rust,2018-05-15T01:34:26Z,main
puppeteer/puppeteer,83078,TypeScript,2017-05-09T22:16:13Z,main
iluwatar/java-design-patterns,81699,Java,2014-08-09T16:45:18Z,master
storybookjs/storybook,78448,TypeScript,2016-03-18T04:23:44Z,main
gothinkster/realworld,74283,TypeScript,2016-02-26T20:49:53Z,main
django/django,70418,Python,2012-04-28T02:47:18Z,main
tonsky/FiraCode,69985,Clojure,2014-11-11T19:32:38Z,master
doocs/advanced-java,69900,Java,2018-10-06T11:38:30Z,main
vuejs/awesome-vue,68531,Unknown,2015-10-20T00:16:14Z,master
gin-gonic/gin,68482,Go,2014-06-16T23:57:25Z,master
tailwindlabs/tailwindcss,68057,HTML,2017-10-06T14:59:14Z,master
sveltejs/svelte,67505,TypeScript,2016-11-20T18:13:05Z,master
fatedier/frp,67244,Go,2015-12-21T15:24:59Z,master
spring-projects/spring-boot,67132,Java,2012-10-19T15:02:57Z,main
gohugoio/hugo,66979,Go,2013-07-04T15:26:26Z,master
moby/moby,65880,Go,2013-01-18T18:10:57Z,master
neovim/neovim,65689,Vim Script,2014-01-31T13:39:22Z,master
hakimel/reveal.js,63702,JavaScript,2011-06-07T18:54:22Z,master
tauri-apps/tauri,63267,Rust,2019-07-13T09:09:37Z,master
webpack/webpack,63043,JavaScript,2012-03-10T10:08:14Z,main
netdata/netdata,62912,C,2013-06-17T18:39:10Z,master
expressjs/express,60803,JavaScript,2009-06-26T18:56:01Z,master
coder/code-server,60264,TypeScript,2019-02-27T16:50:41Z,main
keras-team/keras,58268,Python,2015-03-28T00:35:42Z,master
jquery/jquery,57455,JavaScript,2009-04-03T15:20:14Z,main
mermaid-js/mermaid,57370,JavaScript,2014-11-01T23:52:32Z,master
h5bp/Front-end-Developer-Interview-Questions,57062,Nunjucks,2012-02-09T23:34:10Z,main
shadowsocks/shadowsocks-windows,56466,C#,2013-01-14T07:54:16Z,main
nestjs/nest,56458,TypeScript,2017-02-04T20:12:52Z,master
lodash/lodash,56276,JavaScript,2012-04-07T04:11:46Z,master
DopplerHQ/awesome-interview-questions,55154,Unknown,2015-11-28T09:48:17Z,master
apache/echarts,55102,TypeScript,2013-04-03T03:18:59Z,master
chrislgarry/Apollo-11,54774,Assembly,2014-04-03T15:45:02Z,master
gatsbyjs/gatsby,54412,JavaScript,2015-05-21T22:43:05Z,master
h5bp/html5-boilerplate,54381,JavaScript,2010-01-24T18:03:24Z,main
Anduin2017/HowToCook,53253,HTML,2020-02-29T10:43:49Z,master
rails/rails,52784,Ruby,2008-04-11T02:19:47Z,main
python/cpython,52575,Python,2017-02-10T19:23:51Z,main
junegunn/fzf,52061,Go,2013-10-23T16:04:23Z,master
spring-projects/spring-framework,51745,Java,2010-12-08T04:04:45Z,main
hoppscotch/hoppscotch,51336,TypeScript,2019-08-21T13:15:24Z,main
anuraghazra/github-readme-stats,54983,JavaScript,2020-07-09T10:34:22Z,master
Fndroid/clash_for_windows_pkg,53447,Unknown,2018-10-18T22:59:10Z,master
ElemeFE/element,53343,Vue,2016-09-03T06:19:26Z,master
azl397985856/leetcode,51156,JavaScript,2018-03-30T09:13:51Z,master
syncthing/syncthing,51087,Go,2013-11-26T09:48:21Z,main
MunGell/awesome-for-beginners,51045,Unknown,2015-10-24T19:53:36Z,main
microsoft/playwright,50387,TypeScript,2019-11-15T18:32:42Z,main
remix-run/react-router,50269,TypeScript,2014-05-16T22:22:51Z,main
supabase/supabase,49755,TypeScript,2019-10-12T05:56:49Z,master
psf/requests,49501,Python,2011-02-13T18:38:17Z,main
ionic-team/ionic-framework,49004,TypeScript,2013-08-20T23:06:02Z,main
ageitgey/face_recognition,48179,Python,2017-03-03T21:52:39Z,master
microsoft/ML-For-Beginners,48159,Jupyter Notebook,2021-03-03T01:34:05Z,main
prometheus/prometheus,48085,Go,2012-11-24T11:14:12Z,main
excalidraw/excalidraw,47814,TypeScript,2020-01-02T01:04:43Z,master
swisskyrepo/PayloadsAllTheThings,47559,Python,2016-10-18T07:29:07Z,master
obsproject/obs-studio,47490,C,2013-10-01T02:40:31Z,master
ocornut/imgui,47377,C++,2014-07-21T14:29:47Z,master
soimort/you-get,47308,Python,2012-08-20T15:53:36Z,master
caddyserver/caddy,47140,Go,2015-01-13T19:45:03Z,master
jgthms/bulma,47125,CSS,2016-01-23T23:48:34Z,master
localstack/localstack,47054,Python,2016-10-25T23:48:03Z,master
ReactiveX/RxJava,46993,Java,2013-01-08T20:11:48Z,master
jekyll/jekyll,46613,Ruby,2008-10-20T06:29:03Z,master
danielmiessler/SecLists,46447,PHP,2012-02-19T01:30:18Z,master
git/git,46158,C,2008-07-23T14:21:26Z,main
prettier/prettier,45531,JavaScript,2016-11-29T17:13:37Z,main
nuxt/nuxt,45189,TypeScript,2016-10-26T11:18:47Z,main
deepfakes/faceswap,44774,Python,2017-12-19T09:44:13Z,master
serverless/serverless,44704,JavaScript,2015-04-21T03:48:40Z,main
facebook/docusaurus,44456,TypeScript,2017-06-20T16:13:53Z,main
tldr-pages/tldr,44142,Markdown,2013-12-08T07:34:43Z,main
DefinitelyTyped/DefinitelyTyped,43925,TypeScript,2012-10-05T16:39:45Z,master
ryanoasis/nerd-fonts,43705,CSS,2014-12-05T04:31:17Z,master
meteor/meteor,43457,JavaScript,2012-01-19T01:58:17Z,master
etcd-io/etcd,43360,Go,2013-07-06T21:57:21Z,main
cypress-io/cypress,43335,JavaScript,2015-03-04T00:46:28Z,master
Textualize/rich,43195,Python,2019-11-10T15:28:09Z,master
iamkun/dayjs,43024,JavaScript,2018-04-10T09:26:44Z,main
traefik/traefik,42961,Go,2015-09-13T19:04:02Z,master
ColorlibHQ/AdminLTE,42473,JavaScript,2013-12-25T02:52:40Z,master
mozilla/pdf.js,42409,JavaScript,2011-04-26T06:32:03Z,master
v2ray/v2ray-core,42387,Go,2015-09-04T11:42:53Z,master
babel/babel,42222,TypeScript,2014-09-28T13:38:23Z,main
gogs/gogs,42084,Go,2014-02-12T01:57:08Z,main
jestjs/jest,41940,TypeScript,2013-12-10T00:18:04Z,main
rustdesk/rustdesk,41600,Rust,2020-09-28T15:36:08Z,master
base-org/node,41520,Shell,2023-02-01T13:55:02Z,main
square/retrofit,41505,Java,2010-09-06T21:39:43Z,master
mastodon/mastodon,41492,Ruby,2016-02-22T15:01:25Z,main
sharkdp/bat,41117,Rust,2018-04-21T10:52:23Z,master
typescript-cheatsheets/react,40802,JavaScript,2018-06-02T04:08:16Z,main
FiloSottile/mkcert,40793,Go,2018-06-25T05:33:03Z,master
jgraph/drawio-desktop,40136,Shell,2017-05-25T20:58:42Z,master
bailicangdu/vue2-elm,40024,Vue,2016-12-23T01:49:20Z,master
chinese-poetry/chinese-poetry,39470,JavaScript,2016-09-02T03:32:25Z,master
Alamofire/Alamofire,39321,Swift,2014-07-31T05:56:19Z,master
commaai/openpilot,39285,Python,2016-11-24T01:33:30Z,master
apache/dubbo,38857,Java,2012-06-19T07:56:02Z,master
styled-components/styled-components,38782,TypeScript,2016-08-16T06:41:32Z,main
rclone/rclone,38373,Go,2014-03-16T16:19:57Z,master
pingcap/tidb,34007,Go,2015-09-06T04:01:52Z,master
open-guides/og-aws,33896,Shell,2016-07-13T17:30:16Z,master
airbnb/lottie-android,33870,Java,2016-10-06T22:42:42Z,master
type-challenges/type-challenges,33556,TypeScript,2020-07-23T14:33:11Z,main
nativefier/nativefier,33534,TypeScript,2015-07-05T05:56:42Z,master
AFNetworking/AFNetworking,33344,Objective-C,2011-05-31T21:28:44Z,master
NervJS/taro,32870,TypeScript,2018-04-08T09:32:26Z,master
SheetJS/sheetjs,32810,JavaScript,2012-12-03T19:25:52Z,master
binary-husky/gpt_academic,32659,Python,2023-03-20T09:05:13Z,master
chakra-ui/chakra-ui,32601,TypeScript,2019-08-17T14:27:54Z,main
jaredpalmer/formik,32313,TypeScript,2017-06-14T19:50:59Z,master
QSCTech/zju-icicles,32236,HTML,2016-06-28T16:17:32Z,master
Blankj/AndroidUtilCode,32121,Java,2016-07-30T18:18:32Z,master
koalaman/shellcheck,32065,Haskell,2012-11-17T03:15:11Z,master
dbeaver/dbeaver,31913,Java,2015-10-21T08:26:28Z,master
dotnet/aspnetcore,31656,C#,2014-03-11T06:09:42Z,main
acmesh-official/acme.sh,31461,Shell,2015-12-26T12:56:33Z,master
shadowsocks/ShadowsocksX-NG,31428,Swift,2016-06-10T11:49:00Z,master
freeCodeCamp/devdocs,31417,Ruby,2013-10-24T18:16:07Z,main
openai/gym,31318,Python,2016-04-27T14:59:16Z,master
prisma/prisma,31223,TypeScript,2019-06-20T13:33:47Z,main
blueimp/jQuery-File-Upload,31029,PHP,2010-12-01T15:35:32Z,master
mitmproxy/mitmproxy,30947,Python,2010-02-16T04:10:13Z,main
sorrycc/awesome-javascript,30642,Unknown,2014-07-01T15:59:02Z,master
carbon-language/carbon-lang,30392,C++,2020-04-27T21:45:16Z,master
naptha/tesseract.js,30338,JavaScript,2015-06-24T02:49:52Z,master
aria2/aria2,30260,C++,2010-11-27T09:41:48Z,master
Z4nzu/hackingtool,30183,Python,2020-04-11T09:21:31Z,master
n8n-io/n8n,30092,TypeScript,2019-06-22T09:24:21Z,master
curl/curl,30004,C,2010-03-18T22:32:22Z,master
certbot/certbot,29896,Python,2014-11-12T02:52:20Z,master
beego/beego,29706,Go,2012-02-29T02:32:08Z,master
markedjs/marked,29670,JavaScript,2011-07-24T13:15:51Z,master
halfrost/LeetCode-Go,29626,Go,2017-07-18T00:06:14Z,master
foundation/foundation-sites,29463,HTML,2011-10-13T23:05:42Z,master
xkcoding/spring-boot-demo,29402,Java,2017-11-10T06:27:29Z,master
PKUFlyingPig/cs-self-learning,29283,HTML,2021-10-20T13:43:42Z,master
ReactiveX/rxjs,28842,TypeScript,2015-03-15T06:17:10Z,master
jgm/pandoc,28793,Haskell,2010-03-20T20:34:23Z,main
ziadoz/awesome-php,28610,Unknown,2013-11-26T03:14:19Z,master
TencentARC/GFPGAN,28536,Python,2021-03-19T06:18:20Z,master
square/leakcanary,28429,Kotlin,2015-04-29T23:54:16Z,main
standard/standard,28166,JavaScript,2015-01-27T01:23:31Z,master
niklasvh/html2canvas,28160,TypeScript,2011-07-16T01:05:58Z,master
apolloconfig/apollo,28034,Java,2016-03-04T10:24:23Z,master
vuejs/vuex,28018,JavaScript,2015-07-16T04:21:26Z,main
caolan/async,27853,JavaScript,2010-06-01T21:01:30Z,master
webtorrent/webtorrent,27844,JavaScript,2013-10-15T08:16:40Z,master
alibaba/easyexcel,27680,Java,2018-02-06T03:14:08Z,master
hashicorp/vault,27642,Go,2015-02-25T00:15:59Z,main
pcottle/learnGitBranching,27486,JavaScript,2012-08-13T22:36:09Z,main
files-community/Files,27405,C#,2019-01-04T18:19:14Z,main
sharkdp/fd,27366,Rust,2017-05-09T21:27:10Z,master
alebcay/awesome-shell,27328,Unknown,2014-07-07T01:57:42Z,master
swc-project/swc,27269,Rust,2017-12-22T11:40:14Z,main
fastify/fastify,27244,JavaScript,2016-09-28T19:10:14Z,main
halo-dev/halo,27160,Java,2018-03-21T12:56:52Z,main
trailofbits/algo,27229,Jinja,2016-05-15T03:42:48Z,master
zhongyang219/TrafficMonitor,27038,C++,2017-07-30T02:51:17Z,master
ianstormtaylor/slate,26995,TypeScript,2016-06-18T01:52:42Z,main
sqlmapproject/sqlmap,26934,Python,2012-06-26T09:52:15Z,master
alibaba/druid,26836,Java,2011-11-03T05:12:51Z,master
fzaninotto/Faker,26722,PHP,2011-10-14T22:49:02Z,master
jesseduffield/lazydocker,26540,Go,2019-05-18T08:53:50Z,master
slidevjs/slidev,26528,TypeScript,2021-04-24T01:25:23Z,main
SeleniumHQ/selenium,26516,Java,2013-01-14T21:40:56Z,master
ggerganov/llama.cpp,26452,C,2023-03-10T18:58:00Z,master
TheAlgorithms/JavaScript,26427,JavaScript,2017-07-13T06:12:33Z,master
hashicorp/consul,26378,Go,2013-11-04T22:15:27Z,main
cheeriojs/cheerio,26333,TypeScript,2011-10-09T04:23:20Z,main
gofiber/fiber,26162,Go,2020-01-16T03:59:20Z,master
JedWatson/react-select,26094,TypeScript,2014-08-26T04:27:45Z,master
The-Run-Philosophy-Organization/run,26082,Unknown,2022-04-10T05:42:40Z,main
angular/angular-cli,26071,TypeScript,2015-06-04T19:49:37Z,main
explosion/spaCy,26065,Python,2014-07-03T15:15:40Z,master
coolsnowwolf/lede,25886,C,2017-09-06T07:39:03Z,master
photoprism/photoprism,25867,Go,2018-01-27T12:00:15Z,master
codemirror/codemirror5,25865,JavaScript,2011-01-14T13:44:03Z,master
github/fetch,25710,JavaScript,2014-10-13T00:26:19Z,master
yuzu-emu/yuzu,25650,C++,2018-01-03T18:13:57Z,master
Automattic/mongoose,25643,JavaScript,2010-04-06T21:39:05Z,master
digitalocean/nginxconfig.io,25643,JavaScript,2018-01-05T14:21:14Z,master
pmndrs/react-spring,25634,TypeScript,2018-03-07T15:39:32Z,main
select2/select2,25598,JavaScript,2012-03-04T18:43:12Z,master
labstack/echo,25579,Go,2015-03-01T17:43:01Z,master
alibaba/spring-cloud-alibaba,25531,Java,2017-12-01T20:49:15Z,master
encode/django-rest-framework,25497,Python,2011-03-02T17:13:56Z,master
portainer/portainer,25444,Go,2016-05-19T20:15:28Z,master
influxdata/influxdb,25410,Go,2013-09-26T14:31:10Z,master
lapce/lapce,25397,Rust,2018-02-06T08:41:06Z,master
mattermost/mattermost-server,25345,TypeScript,2015-06-15T06:50:02Z,master
floating-ui/floating-ui,25333,TypeScript,2016-03-29T17:00:47Z,master
acheong08/ChatGPT,25330,Python,2022-12-03T14:35:24Z,main
alibaba/fastjson,25321,Java,2011-11-03T06:58:52Z,master
AMAI-GmbH/AI-Expert-Roadmap,25305,JavaScript,2020-10-24T21:49:40Z,main
immerjs/immer,25238,JavaScript,2017-12-29T12:25:47Z,main
veggiemonk/awesome-docker,25217,Unknown,2014-09-21T17:01:48Z,master
hashicorp/vagrant,25197,Ruby,2010-01-21T08:34:27Z,main
huggingface/pytorch-image-models,25139,Python,2019-02-02T05:51:12Z,main
go-kit/kit,24921,Go,2015-02-03T00:01:19Z,master
dwmkerr/hacker-laws,24776,Shell,2018-01-25T03:46:34Z,main
ycm-core/YouCompleteMe,24750,Python,2012-04-16T03:12:14Z,master
tqdm/tqdm,24719,Python,2015-06-03T13:13:14Z,master
SerenityOS/serenity,24715,C++,2018-12-02T19:28:41Z,master
tj/commander.js,24659,JavaScript,2011-08-14T21:33:58Z,master
streamlit/streamlit,24533,Python,2019-08-24T00:14:52Z,master
google/python-fire,24494,Python,2017-02-21T21:35:07Z,master
remoteintech/remote-jobs,24439,JavaScript,2015-10-13T03:49:25Z,main
DIYgod/RSSHub,24354,JavaScript,2018-04-02T14:43:21Z,master
TheAlgorithms/C-Plus-Plus,24319,C++,2016-07-16T10:19:45Z,master
microsoft/DeepSpeed,24266,Python,2020-01-23T18:35:18Z,master
helm/helm,24262,Go,2015-10-06T01:07:32Z,main
xuxueli/xxl-job,24240,Java,2015-11-28T12:59:34Z,master
kilimchoi/engineering-blogs,24178,Ruby,2015-06-13T18:25:17Z,master
airbnb/lottie-ios,23980,Swift,2016-10-06T22:38:38Z,master
AykutSarac/jsoncrack.com,23943,TypeScript,2022-01-30T15:25:18Z,main
kataras/iris,23930,Go,2016-01-30T04:36:48Z,master
fastai/fastai,23887,Jupyter Notebook,2017-09-09T17:43:36Z,master
balena-io/etcher,25488,TypeScript,2015-10-27T16:53:23Z,master
Modernizr/Modernizr,25456,JavaScript,2009-09-25T20:13:23Z,master
trpc/trpc,25373,TypeScript,2020-07-18T01:17:11Z,main
lukasz-madon/awesome-remote-job,25269,Unknown,2015-01-02T00:31:34Z,master
veggiemonk/awesome-docker,25218,Unknown,2014-09-21T17:01:48Z,master
remy/nodemon,25202,JavaScript,2010-10-03T12:50:52Z,main
facebook/rocksdb,25166,C++,2012-11-30T06:16:18Z,main
yichengchen/clashX,25163,Swift,2018-06-13T02:51:24Z,master
facebook/folly,25115,C++,2012-06-01T20:49:04Z,main
python-poetry/poetry,24951,Python,2018-02-28T15:23:47Z,master
dani-garcia/vaultwarden,24903,Rust,2018-02-17T22:40:20Z,main
facebookresearch/detectron2,24767,Python,2019-09-05T21:30:20Z,main
dokku/dokku,24573,Shell,2013-06-08T10:26:57Z,master
SDWebImage/SDWebImage,24572,Objective-C,2009-09-21T17:39:19Z,master
nushell/nushell,24543,Rust,2019-05-10T16:59:42Z,main
akveo/ngx-admin,24454,TypeScript,2016-05-25T10:09:03Z,master
greenrobot/EventBus,24341,Java,2012-07-16T16:55:40Z,main
zeromicro/go-zero,24101,Go,2020-08-07T15:37:57Z,master
open-mmlab/mmdetection,24092,Python,2018-08-22T07:06:06Z,main
jaywcjlove/linux-command,23911,Markdown,2016-11-12T15:44:26Z,master
Yidadaa/ChatGPT-Next-Web,23872,TypeScript,2023-03-10T18:27:54Z,main
pypa/pipenv,23828,Python,2017-01-20T00:44:02Z,main
seata/seata,23717,Java,2018-12-28T08:37:22Z,master
emscripten-core/emscripten,23715,C,2011-02-12T05:23:30Z,main
statelyai/xstate,23704,TypeScript,2015-09-14T15:04:15Z,main
alpinejs/alpine,23683,HTML,2019-11-28T13:51:55Z,main
OWASP/CheatSheetSeries,23647,Python,2018-12-21T14:26:43Z,master
bevyengine/bevy,23646,Rust,2020-01-18T21:13:55Z,main
react-native-elements/react-native-elements,23616,TypeScript,2016-09-08T14:21:41Z,master
vuejs/devtools,23608,TypeScript,2014-09-29T03:52:07Z,main
signalapp/Signal-Android,23602,Java,2011-12-15T20:01:12Z,main
angular/components,23490,TypeScript,2016-01-04T18:50:02Z,main
numpy/numpy,23450,Python,2010-09-13T23:02:39Z,main
quasarframework/quasar,23443,JavaScript,2015-10-05T15:45:36Z,master
feathericons/feather,23430,JavaScript,2014-05-28T19:49:55Z,master
qier222/YesPlayMusic,23381,Vue,2020-10-09T10:04:21Z,master
remix-run/remix,23354,TypeScript,2020-10-26T19:57:28Z,main
ReactiveX/RxSwift,23316,Swift,2015-04-07T21:25:17Z,main
dnSpy/dnSpy,23301,C#,2015-07-01T16:05:10Z,master
docker/awesome-compose,23297,HTML,2020-02-13T08:51:42Z,master
matteocrippa/awesome-swift,23249,Ruby,2014-07-10T14:04:09Z,master
vercel/pkg,23233,JavaScript,2016-08-08T19:41:59Z,main
discordjs/discord.js,23057,TypeScript,2015-08-10T13:36:26Z,main
seaweedfs/seaweedfs,17255,Go,2014-07-14T16:41:37Z,master
desktop/desktop,17196,TypeScript,2016-05-11T15:59:00Z,master
gradio-app/gradio,17174,HTML,2018-12-19T08:24:04Z,main
redis/go-redis,17174,Go,2012-07-25T13:01:39Z,master
nginx-proxy/nginx-proxy,17038,Python,2014-05-05T17:01:40Z,main
pola-rs/polars,16985,Rust,2020-05-13T19:45:33Z,main
nondanee/UnblockNeteaseMusic,16955,JavaScript,2018-06-19T21:18:41Z,master
facebook/fresco,16942,Java,2015-03-02T09:58:04Z,main
less/less.js,16923,JavaScript,2010-02-20T17:25:38Z,master
ionic-team/ionicons,16854,TypeScript,2013-10-10T14:34:18Z,main
nostra13/Android-Universal-Image-Loader,16806,Java,2011-11-27T18:48:23Z,master
diem/diem,16693,Rust,2019-04-02T21:51:45Z,main
doomemacs/doomemacs,16624,Emacs Lisp,2014-07-12T09:29:52Z,master
KaTeX/KaTeX,16623,JavaScript,2013-07-05T09:01:54Z,main
darkreader/darkreader,16620,TypeScript,2014-11-15T14:22:52Z,main
node-red/node-red,16612,JavaScript,2013-09-05T13:30:47Z,master
catchorg/Catch2,16565,C++,2010-11-08T18:22:56Z,master
mifi/lossless-cut,16558,JavaScript,2016-10-30T10:49:56Z,master
AnthonyCalandra/modern-cpp-features,16551,Python,2016-10-31T03:34:22Z,master
micropython/micropython,16523,C,2013-12-20T11:47:07Z,master
spotify/luigi,16523,Python,2012-09-20T15:06:38Z,master
pqrs-org/Karabiner-Elements,16414,C++,2016-07-11T04:57:55Z,main
google/fonts,16401,HTML,2015-02-11T23:34:54Z,main
antonmedv/fx,16284,Go,2018-01-25T17:29:43Z,master
tj/git-extras,16270,Shell,2010-08-04T16:32:07Z,master
nickbutcher/plaid,16251,Kotlin,2015-10-30T16:10:56Z,main
RasaHQ/rasa,16205,Python,2016-10-14T12:27:49Z,main
facebook/yoga,16145,C++,2014-04-07T01:37:37Z,main
sismo-core/sismo-badges,16141,TypeScript,2022-06-16T15:46:44Z,main
redis/node-redis,16141,TypeScript,2010-09-14T02:05:09Z,master
DapperLib/Dapper,16081,C#,2011-04-14T08:42:59Z,main
AlDanial/cloc,15994,Perl,2015-09-07T03:30:43Z,master
keycloak/keycloak,15955,Java,2013-07-02T13:38:51Z,main
nhn/tui.editor,15925,TypeScript,2015-07-27T06:57:23Z,master
sweetalert2/sweetalert2,15804,JavaScript,2015-01-03T16:15:52Z,main
infernojs/inferno,15767,JavaScript,2015-02-01T22:07:38Z,master
joke2k/faker,15758,Python,2012-11-12T23:00:09Z,master
yetone/openai-translator,15728,TypeScript,2023-03-04T05:21:09Z,main
android/compose-samples,15694,Kotlin,2019-09-27T09:51:19Z,main
sharkdp/hyperfine,15685,Rust,2018-01-13T15:49:54Z,master
microsoft/recommenders,15627,Python,2018-09-19T10:06:07Z,main
swagger-api/swagger-codegen,15621,Mustache,2011-07-06T14:26:48Z,master
flatpickr/flatpickr,15554,TypeScript,2015-08-10T23:52:45Z,master
AssemblyScript/assemblyscript,15498,WebAssembly,2017-09-28T11:06:50Z,main
Qv2ray/Qv2ray,15393,C++,2019-06-15T01:51:08Z,master
uNetworking/uWebSockets,15373,C++,2016-03-21T04:39:40Z,master
BoyceLig/Clash_Chinese_Patch,15199,JavaScript,2020-04-21T10:06:55Z,main
mdx-js/mdx,15181,JavaScript,2017-12-24T00:01:48Z,main
OpenBB-finance/OpenBBTerminal,21908,Python,2020-12-20T10:46:38Z,main
kriasoft/react-starter-kit,21898,TypeScript,2014-04-16T13:08:18Z,main
RedisInsight/RedisDesktopManager,21857,C++,2013-08-05T07:51:08Z,master
python-telegram-bot/python-telegram-bot,21854,Python,2015-07-07T15:30:39Z,master
mozilla/DeepSpeech,21846,C++,2016-06-02T15:04:53Z,master
colinhacks/zod,21843,TypeScript,2020-03-07T20:59:08Z,master
MonitorControl/MonitorControl,21830,Swift,2017-09-16T21:13:40Z,main
hwdsl2/setup-ipsec-vpn,21817,Shell,2016-01-07T16:44:12Z,master
felixrieseberg/windows95,21781,TypeScript,2018-08-23T05:04:38Z,master
apache/skywalking,21766,Java,2015-11-07T03:30:36Z,master
telegramdesktop/tdesktop,21746,C++,2014-05-02T12:36:31Z,master
google/iosched,21743,Kotlin,2014-04-01T22:40:40Z,main
react-bootstrap/react-bootstrap,21698,TypeScript,2013-12-27T19:06:07Z,master
openssl/openssl,21619,C,2013-01-15T22:34:48Z,master
elixir-lang/elixir,21610,Elixir,2011-01-09T08:43:57Z,main
ogham/exa,21595,Rust,2014-05-22T12:45:16Z,master
freqtrade/freqtrade,21571,Python,2017-05-17T23:48:53Z,master
zyedidia/micro,21522,Go,2016-03-11T02:06:28Z,master
termux/termux-app,21520,Java,2015-10-23T09:42:46Z,master
facebookresearch/faiss,21510,C++,2017-02-07T16:07:05Z,main
vuejs/vuepress,21502,JavaScript,2018-04-05T16:58:38Z,main
fish-shell/fish-shell,21487,C++,2012-05-10T03:00:55Z,master
highlightjs/highlight.js,21485,JavaScript,2011-01-01T23:47:21Z,main
libgdx/libgdx,21472,Java,2012-08-10T19:34:38Z,master
celery/celery,21470,Python,2009-04-24T11:31:24Z,main
jaredhanson/passport,21441,JavaScript,2011-10-08T22:38:32Z,master
sdras/awesome-actions,21424,Unknown,2018-10-17T17:53:45Z,main
TanStack/table,21405,TypeScript,2016-10-20T17:25:08Z,main
libuv/libuv,21404,C,2013-11-30T00:29:56Z,master
HeroTransitions/Hero,21393,Swift,2016-11-24T18:49:37Z,master
Chanzhaoyu/chatgpt-web,21378,Vue,2023-02-09T03:21:37Z,main
locustio/locust,21282,Python,2011-02-17T11:08:03Z,master
validatorjs/validator.js,21246,JavaScript,2010-10-06T06:58:48Z,master
onevcat/Kingfisher,21243,Swift,2015-04-06T14:26:21Z,master
apache/flink,21196,Java,2014-06-07T07:00:10Z,master
rxhanson/Rectangle,21149,Swift,2019-06-21T21:34:53Z,master
zadam/trilium,21145,JavaScript,2017-05-23T00:30:20Z,master
Ryujinx/Ryujinx,21123,C#,2018-02-04T23:07:54Z,master
tornadoweb/tornado,21101,Python,2009-09-09T04:55:16Z,master
redisson/redisson,21097,Java,2014-01-11T14:06:25Z,master
dapr/dapr,21094,Go,2019-06-19T00:49:06Z,master
gchq/CyberChef,21092,JavaScript,2016-11-28T10:34:07Z,master
refined-github/refined-github,21049,TypeScript,2016-02-15T16:45:02Z,main
paularmstrong/normalizr,20986,JavaScript,2014-08-20T08:41:38Z,master
postcss/autoprefixer,20982,JavaScript,2013-03-14T05:04:51Z,main
iawia002/lux,20933,Go,2018-02-24T11:29:03Z,master
requarks/wiki,20879,Vue,2016-08-16T19:35:26Z,main
vnpy/vnpy,20808,Python,2015-03-02T03:36:58Z,master
changkun/modern-cpp-tutorial,20801,C++,2016-08-19T14:39:15Z,master
jenkinsci/jenkins,20755,Java,2010-11-22T21:21:23Z,master
kdeldycke/awesome-falsehood,20689,Unknown,2016-09-08T09:13:47Z,main
huiyadanli/RevokeMsgPatcher,20628,C#,2019-07-21T15:12:52Z,master
WeNeedHome/SummaryOfLoanSuspension,20588,HTML,2022-07-12T16:33:25Z,main
jhipster/generator-jhipster,20562,TypeScript,2013-10-21T20:07:22Z,main
forem/forem,20550,Ruby,2016-11-13T23:02:13Z,main
go-kratos/kratos,20546,Go,2019-01-10T10:42:31Z,main
Molunerfinn/PicGo,20505,TypeScript,2017-12-12T08:39:44Z,master
winstonjs/winston,20472,JavaScript,2010-12-29T18:49:51Z,master
jumpserver/jumpserver,20456,Python,2014-07-04T03:54:59Z,master
tailwindlabs/headlessui,20455,TypeScript,2020-09-16T09:53:09Z,main
novuhq/novu,20447,TypeScript,2021-08-26T15:22:44Z,main
tokio-rs/tokio,20429,Rust,2016-09-09T22:31:36Z,master
saadeghi/daisyui,20424,Svelte,2020-11-28T22:57:27Z,master
go-micro/go-micro,20418,Go,2015-01-13T23:30:18Z,master
VSCodium/vscodium,20408,Shell,2018-08-13T14:26:58Z,master
apache/mxnet,20407,C++,2015-04-30T16:21:15Z,master
Seldaek/monolog,20354,PHP,2011-02-17T02:07:15Z,main
jquense/yup,20328,TypeScript,2014-09-22T23:54:22Z,master
grafana/k6,20309,Go,2016-03-21T15:30:24Z,master
dandavison/delta,17316,Rust,2019-06-24T15:00:13Z,master
dropzone/dropzone,17308,JavaScript,2012-02-12T16:19:18Z,main
t3-oss/create-t3-app,17298,TypeScript,2022-05-24T13:31:01Z,main
buger/goreplay,17273,Go,2013-05-30T09:29:07Z,master
vim-airline/vim-airline,17205,Vim Script,2013-06-30T18:49:56Z,master
iovisor/bcc,17188,C,2015-05-01T19:52:32Z,master
airbnb/visx,17108,TypeScript,2017-03-15T16:25:41Z,master
Tencent/ncnn,17105,C++,2017-06-30T10:55:37Z,master
cocos2d/cocos2d-x,17073,C++,2010-11-18T23:17:00Z,master
zsh-users/zsh-syntax-highlighting,16933,Shell,2010-12-25T17:28:55Z,master
simdjson/simdjson,16883,C++,2018-03-23T00:49:18Z,master
NvChad/NvChad,16879,Lua,2021-03-07T14:33:17Z,main
flutter/plugins,16845,Dart,2017-04-18T17:02:37Z,main
slimtoolkit/slim,16620,Go,2015-09-09T17:39:11Z,master
decaporg/decap-cms,16518,JavaScript,2015-01-20T05:47:47Z,master
ungoogled-software/ungoogled-chromium,16514,Python,2015-06-12T22:24:24Z,master
mkdocs/mkdocs,16377,Python,2014-01-11T21:05:21Z,master
emotion-js/emotion,16361,JavaScript,2017-05-27T04:23:45Z,main
fullcalendar/fullcalendar,16357,TypeScript,2009-11-22T23:16:51Z,main
jashkenas/coffeescript,16338,CoffeeScript,2009-12-18T01:39:53Z,main
authelia/authelia,16302,Go,2016-12-07T00:56:57Z,master
jarun/nnn,16270,C,2016-08-20T14:10:14Z,master
iBotPeaches/Apktool,16248,Java,2012-03-19T17:46:53Z,master
briannesbitt/Carbon,16148,PHP,2012-09-08T02:56:20Z,master
dvajs/dva,16146,JavaScript,2016-06-24T09:06:16Z,master
wechaty/wechaty,16135,TypeScript,2016-05-01T14:36:45Z,main
huggingface/datasets,16112,Python,2020-03-26T09:23:22Z,main
lewagon/setup,16056,Ruby,2014-04-06T09:25:02Z,master
bazelbuild/bazel,20766,Java,2014-06-12T16:00:38Z,master
necolas/react-native-web,20728,JavaScript,2015-06-09T19:25:38Z,master
derailed/k9s,20706,Go,2019-01-25T18:46:02Z,master
ai/nanoid,20703,JavaScript,2017-08-05T05:24:35Z,main
js-cookie/js-cookie,20637,JavaScript,2015-03-19T15:57:47Z,main
SergioBenitez/Rocket,20590,Rust,2016-03-18T02:50:18Z,master
PostgREST/postgrest,20501,Haskell,2014-06-13T00:23:00Z,main
google/flatbuffers,20405,C++,2014-05-19T18:33:01Z,master
avajs/ava,20341,JavaScript,2014-11-18T17:20:26Z,main
expo/expo,20336,TypeScript,2016-08-15T17:14:25Z,main
osquery/osquery,20277,C++,2014-07-29T20:27:33Z,master
recharts/recharts,20243,TypeScript,2015-08-07T06:50:27Z,master
pytorch/examples,20240,Python,2016-08-24T03:12:48Z,main
fyne-io/fyne,20220,Go,2018-02-04T22:07:16Z,master
xinntao/Real-ESRGAN,20218,Python,2021-07-19T03:23:30Z,master
surrealdb/surrealdb,20187,Rust,2021-12-09T15:03:29Z,main
facebook/zstd,20173,C,2015-01-24T00:22:38Z,master
restic/restic,20150,Go,2014-04-27T14:07:58Z,master
chalk/chalk,20135,JavaScript,2013-08-03T00:20:12Z,main
urfave/cli,20131,Go,2013-07-13T19:32:06Z,main
ethereum/solidity,20111,C++,2015-08-17T12:27:26Z,master
Redocly/redoc,20106,TypeScript,2015-10-30T12:53:02Z,main
NickeManarin/ScreenToGif,20077,C#,2016-08-02T01:28:59Z,master
lensterxyz/lenster,20045,TypeScript,2022-03-19T15:01:46Z,main
goharbor/harbor,19993,Go,2016-01-28T21:10:28Z,main
enzymejs/enzyme,19977,JavaScript,2015-11-10T21:45:38Z,master
ReactiveCocoa/ReactiveCocoa,19972,Swift,2012-03-02T22:11:24Z,master
hapijs/joi,19905,JavaScript,2012-09-16T16:38:06Z,master
badges/shields,19852,JavaScript,2013-01-30T07:41:54Z,master
SpaceVim/SpaceVim,19838,Lua,2016-12-26T04:40:55Z,master
websockets/ws,19795,JavaScript,2011-11-09T22:32:45Z,master
ReactiveX/RxAndroid,19783,Java,2014-08-19T03:46:38Z,master
FredKSchott/snowpack,19657,JavaScript,2019-02-26T15:45:38Z,main
llvm/llvm-project,19603,Unknown,2016-12-07T09:39:33Z,main
stretchr/testify,19593,Go,2012-10-16T16:43:17Z,master
quii/learn-go-with-tests,19582,Go,2018-03-02T11:41:14Z,main
afollestad/material-dialogs,19575,Kotlin,2014-11-03T03:21:42Z,main
cookiecutter/cookiecutter,19505,Python,2013-07-14T18:31:22Z,main
valyala/fasthttp,19503,Go,2015-10-18T22:19:57Z,master
phoenixframework/phoenix,19468,Elixir,2014-01-20T14:14:11Z,main
sanic-org/sanic,17040,Python,2016-05-26T04:38:22Z,main
nondanee/UnblockNeteaseMusic,16956,JavaScript,2018-06-19T21:18:41Z,master
angular/material,16680,JavaScript,2014-07-01T19:20:06Z,master
quozd/awesome-dotnet,16617,Unknown,2014-07-16T09:32:12Z,master
decaporg/decap-cms,16519,JavaScript,2015-01-20T05:47:47Z,master
hubotio/hubot,16437,JavaScript,2011-08-27T08:30:59Z,master
TheAlgorithms/C,16176,C,2016-07-16T10:17:03Z,master
nikic/PHP-Parser,16113,PHP,2011-04-18T17:03:47Z,master
